SITE_NAME,DAILY_CONSO
12345_GEO ,6.607%
12346_GEO ,5.049%
12347_GEO ,10.447%
12348_GEO ,6.684%
12349_GEO ,8.402%
12350_GEO ,6.963%
12351_GEO ,9.661%
12352_GEO ,5.673%
12353_GEO ,8.532%
12354_GEO ,21.610%
12355_GEO ,7.154%
12357_GEO ,7.849%
12360_GEO ,7.863%
12362_GEO ,10.602%
12365_GEO ,6.231%
12367_GEO ,18.990%
12368_GEO ,15.520%
12371_GEO ,3.727%
12372_GEO ,4.444%
12374_GEO ,6.203%
12375_GEO ,6.799%
12376_GEO ,5.571%
12378_GEO ,6.648%
12379_GEO ,7.062%
12380_GEO ,6.237%
12381_GEO ,6.205%
12382_GEO ,12.086%
12387_GEO ,6.678%
12390_GEO ,8.277%
12391_GEO ,8.279%
12392_GEO ,9.311%
12393_GEO ,4.145%
12394_GEO ,8.289%
12396_GEO ,9.035%
12399_GEO ,3.565%
12401_GEO ,8.737%
12402_GEO ,6.345%
12403_GEO ,2.570%
12404_GEO ,13.800%
12405_GEO ,16.251%
12407_GEO ,12.103%
12409_GEO ,10.535%
12410_GEO ,6.439%
12411_GEO ,12.303%
12413_GEO ,15.113%
12414_GEO ,5.557%
12415_GEO ,9.289%
12416_GEO ,6.357%
12417_GEO ,6.309%
12419_GEO ,4.612%
12420_GEO ,14.420%
12421_GEO ,2.465%
12422_GEO ,9.027%
12423_GEO ,5.801%
12425_GEO ,1.924%
12426_GEO ,12.586%
12427_GEO ,6.619%
12428_GEO ,7.269%
12429_GEO ,8.515%
12430_GEO ,11.077%
12431_GEO ,7.557%
12432_GEO ,8.015%
12434_GEO ,13.284%
12435_GEO ,3.923%
12437_GEO ,3.502%
12438_GEO ,13.745%
12439_GEO ,7.599%
12440_GEO ,5.648%
12441_GEO ,3.967%
12444_GEO ,11.342%
12445_GEO ,9.208%
12446_GEO ,7.673%
12450_GEO ,7.755%
12451_GEO ,11.599%
12453_GEO ,16.666%
12455_GEO ,9.729%
12456_GEO ,6.903%
12457_GEO ,6.366%
12458_GEO ,9.651%
12459_GEO ,6.735%
12461_GEO ,9.466%
12463_GEO ,28.410%
12464_GEO ,6.821%
12465_GEO ,4.845%
12466_GEO ,15.347%
12471_GEO ,7.587%
12473_GEO ,9.972%
12474_GEO ,8.932%
12477_GEO ,14.783%
12478_GEO ,11.672%
12479_GEO ,10.249%
12481_GEO ,22.531%
12483_GEO ,5.806%
12486_GEO ,8.246%
12487_GEO ,16.867%
12494_GEO ,7.835%
12496_GEO ,3.623%
12497_GEO ,56.255%
12498_GEO ,4.141%
12499_GEO ,28.936%
12500_GEO ,7.147%
12501_GEO ,5.228%
12502_GEO ,0.836%
12504_GEO ,10.353%
12506_GEO ,11.507%
12508_GEO ,5.618%
12509_GEO ,8.172%
12514_GEO ,6.369%
12516_GEO ,11.762%
12517_GEO ,1.127%
12520_GEO ,5.289%
12521_GEO ,3.276%
12522_GEO ,11.813%
12523_GEO ,0.694%
12528_GEO ,12.739%
12530_GEO ,4.798%
12531_GEO ,10.640%
12532_GEO ,21.057%
12535_GEO ,11.870%
12536_GEO ,16.711%
12537_GEO ,1.969%
12540_GEO ,7.459%
12541_GEO ,6.384%
12543_GEO ,21.809%
12544_GEO ,4.934%
12545_GEO ,4.170%
12546_GEO ,12.387%
12547_GEO ,11.869%
12548_GEO ,0.973%
12549_GEO ,9.142%
12550_GEO ,15.527%
12551_GEO ,23.878%
12552_GEO ,4.486%
12553_GEO ,6.828%
12555_GEO ,29.369%
12556_GEO ,9.347%
12558_GEO ,7.927%
12560_GEO ,7.147%
12561_GEO ,7.171%
12562_GEO ,7.918%
12563_GEO ,7.112%
12564_GEO ,11.811%
12566_GEO ,10.285%
12568_GEO ,8.045%
12569_GEO ,101.218%
12570_GEO ,5.643%
12571_GEO ,3.697%
12572_GEO ,6.800%
12573_GEO ,6.540%
12575_GEO ,36.613%
12576_GEO ,14.420%
12577_GEO ,7.106%
12579_GEO ,13.251%
12580_GEO ,4.641%
12581_GEO ,6.060%
12582_GEO ,3.019%
12583_GEO ,6.765%
12584_GEO ,1.411%
12585_GEO ,10.146%
12586_GEO ,3.117%
12587_GEO ,4.053%
12589_GEO ,10.446%
12590_GEO ,8.570%
12591_GEO ,2.773%
12592_GEO ,10.170%
12593_GEO ,1.868%
12594_GEO ,3.766%
12596_GEO ,6.380%
12597_GEO ,16.378%
12599_GEO ,4.511%
12600_GEO ,4.706%
12601_GEO ,1.406%
12602_GEO ,14.481%
12603_GEO ,1.112%
12604_GEO ,22.776%
12605_GEO ,3.819%
12606_GEO ,1.411%
12607_GEO ,16.871%
12609_GEO ,4.332%
12611_GEO ,5.016%
12612_GEO ,25.083%
12613_GEO ,28.358%
12614_GEO ,2.679%
12615_GEO ,7.124%
12616_GEO ,12.670%
12618_GEO ,8.008%
12620_GEO ,16.924%
12624_GEO ,13.981%
12625_GEO ,2.636%
12626_GEO ,16.496%
12627_GEO ,49.728%
12628_GEO ,0.000%
12630_GEO ,6.242%
12633_GEO ,0.752%
12635_GEO ,26.903%
12636_GEO ,7.603%
12638_GEO ,8.485%
12639_GEO ,10.034%
12641_GEO ,4.690%
12645_GEO ,8.111%
12646_GEO ,9.300%
12647_GEO ,1.991%
12649_GEO ,11.349%
12651_GEO ,5.626%
12652_GEO ,10.258%
12653_GEO ,31.762%
12654_GEO ,13.529%
12656_GEO ,4.855%
12657_GEO ,3.481%
12660_GEO ,2.532%
12661_GEO ,25.034%
12662_GEO ,13.821%
12663_GEO ,6.216%
12664_GEO ,9.187%
12665_GEO ,14.338%
12668_GEO ,36.286%
12669_GEO ,18.272%
12670_GEO ,5.457%
12671_GEO ,65.698%
12672_GEO ,5.429%
12673_GEO ,6.825%
12674_GEO ,11.561%
12676_GEO ,5.868%
12677_GEO ,9.804%
12679_GEO ,8.775%
12680_GEO ,6.803%
12681_GEO ,7.434%
12682_GEO ,7.499%
12685_GEO ,4.482%
12686_GEO ,1.051%
12687_GEO ,39.366%
12688_GEO ,10.852%
12689_GEO ,11.357%
12691_GEO ,11.558%
12692_GEO ,6.901%
12693_GEO ,9.498%
12695_GEO ,18.961%
12699_GEO ,9.925%
12700_GEO ,8.037%
12701_GEO ,8.968%
12703_GEO ,1.493%
12704_GEO ,12.897%
12706_GEO ,4.544%
12707_GEO ,3.682%
12708_GEO ,8.188%
12711_GEO ,32.000%
12712_GEO ,35.512%
12714_GEO ,10.193%
12716_GEO ,6.020%
12718_GEO ,14.731%
12719_GEO ,10.710%
12720_GEO ,1.019%
12722_GEO ,6.694%
12724_GEO ,5.487%
12725_GEO ,1.703%
12727_GEO ,12.797%
12728_GEO ,14.259%
12729_GEO ,8.670%
12730_GEO ,2.741%
12732_GEO ,1.757%
12734_GEO ,14.341%
12735_GEO ,1.670%
12736_GEO ,2.437%
12737_GEO ,4.279%
12738_GEO ,21.154%
12739_GEO ,11.566%
12741_GEO ,14.175%
12743_GEO ,20.035%
12744_GEO ,18.604%
12746_GEO ,2.820%
12747_GEO ,24.028%
12748_GEO ,7.773%
12750_GEO ,16.821%
12751_GEO ,5.943%
12752_GEO ,26.737%
12753_GEO ,13.691%
12754_GEO ,5.475%
12756_GEO ,26.819%
12758_GEO ,9.118%
12759_GEO ,19.483%
12761_GEO ,23.288%
12762_GEO ,15.348%
12763_GEO ,6.477%
12765_GEO ,13.266%
12766_GEO ,8.481%
12767_GEO ,6.073%
12770_GEO ,16.582%
12771_GEO ,10.640%
12772_GEO ,19.570%
12774_GEO ,16.335%
12776_GEO ,2.480%
12777_GEO ,26.000%
12778_GEO ,5.190%
12780_GEO ,5.708%
12781_GEO ,9.561%
12783_GEO ,0.851%
12784_GEO ,0.498%
12785_GEO ,50.066%
12787_GEO ,13.824%
12788_GEO ,28.074%
12789_GEO ,0.421%
12791_GEO ,4.488%
12792_GEO ,5.802%
12793_GEO ,137.769%
12795_GEO ,30.181%
12797_GEO ,40.694%
12798_GEO ,8.228%
12799_GEO ,2.361%
12801_GEO ,4.257%
12802_GEO ,4.570%
12804_GEO ,24.572%
12805_GEO ,1.683%
12806_GEO ,11.576%
12808_GEO ,19.487%
12809_GEO ,17.185%
12811_GEO ,47.589%
12812_GEO ,19.985%
12814_GEO ,7.640%
12815_GEO ,12.357%
12816_GEO ,18.547%
12817_GEO ,105.755%
12818_GEO ,10.402%
12820_GEO ,20.583%
12822_GEO ,1.110%
12823_GEO ,7.407%
12824_GEO ,2.975%
12825_GEO ,11.266%
12826_GEO ,1.604%
12827_GEO ,30.997%
12828_GEO ,69.507%
12829_GEO ,2.903%
12830_GEO ,46.331%
12831_GEO ,14.225%
12832_GEO ,5.290%
12834_GEO ,11.064%
12835_GEO ,99.338%
12836_GEO ,7.972%
12837_GEO ,8.515%
12838_GEO ,8.941%
12839_GEO ,12.006%
12840_GEO ,6.526%
12841_GEO ,0.000%
12843_GEO ,1.080%
12844_GEO ,10.767%
12845_GEO ,5.832%
12846_GEO ,2.918%
12848_GEO ,5.116%
12850_GEO ,0.683%
12851_GEO ,5.769%
12852_GEO ,6.927%
12854_GEO ,1.533%
12855_GEO ,12.191%
12857_GEO ,6.680%
12858_GEO ,2.570%
12859_GEO ,2.929%
12860_GEO ,1.386%
12861_GEO ,3.167%
12862_GEO ,1.903%
12863_GEO ,6.587%
12865_GEO ,0.692%
12866_GEO ,14.396%
12867_GEO ,8.493%
12868_GEO ,9.491%
12870_GEO ,12.831%
12871_GEO ,25.319%
12872_GEO ,13.820%
12874_GEO ,14.803%
12875_GEO ,3.186%
12876_GEO ,3.332%
12877_GEO ,0.085%
12878_GEO ,5.153%
12879_GEO ,86.290%
12880_GEO ,1.145%
12882_GEO ,3.688%
12884_GEO ,5.434%
12885_GEO ,2.976%
12887_GEO ,3.385%
12888_GEO ,25.394%
12889_GEO ,20.620%
12891_GEO ,4.508%
12892_GEO ,4.922%
12894_GEO ,3.303%
12896_GEO ,11.642%
12897_GEO ,4.333%
12898_GEO ,0.044%
12899_GEO ,9.783%
12902_GEO ,9.401%
12903_GEO ,18.397%
12904_GEO ,5.431%
12905_GEO ,3.748%
12906_GEO ,5.341%
12908_GEO ,25.866%
12910_GEO ,39.177%
12911_GEO ,4.067%
12913_GEO ,4.285%
12915_GEO ,8.161%
12916_GEO ,10.504%
12917_GEO ,4.304%
12919_GEO ,24.603%
12921_GEO ,11.140%
12922_GEO ,2.955%
12924_GEO ,16.199%
12925_GEO ,10.389%
12926_GEO ,7.134%
12928_GEO ,6.018%
12929_GEO ,4.250%
12930_GEO ,20.421%
12931_GEO ,16.803%
12932_GEO ,18.569%
12933_GEO ,2.195%
12934_GEO ,2.271%
12935_GEO ,3.277%
12936_GEO ,8.345%
12937_GEO ,11.877%
12938_GEO ,17.792%
12941_GEO ,10.758%
12942_GEO ,14.441%
12945_GEO ,9.620%
12946_GEO ,6.852%
12948_GEO ,0.143%
12949_GEO ,10.511%
12950_GEO ,27.312%
12951_GEO ,6.622%
12952_GEO ,7.128%
12953_GEO ,11.866%
12957_GEO ,0.021%
12959_GEO ,15.870%
12960_GEO ,69.968%
12961_GEO ,17.758%
12964_GEO ,12.596%
12966_GEO ,10.907%
12968_GEO ,7.128%
12969_GEO ,3.776%
12970_GEO ,25.246%
12971_GEO ,3.273%
12972_GEO ,26.818%
12974_GEO ,3.341%
12975_GEO ,6.721%
12976_GEO ,22.244%
12977_GEO ,6.739%
12978_GEO ,6.567%
12979_GEO ,66.680%
12980_GEO ,3.854%
12981_GEO ,3.714%
12982_GEO ,18.018%
12984_GEO ,0.500%
12985_GEO ,8.092%
12986_GEO ,1.184%
12987_GEO ,11.737%
12988_GEO ,9.150%
12989_GEO ,2.841%
12990_GEO ,3.652%
12991_GEO ,1.900%
12992_GEO ,5.624%
12994_GEO ,2.605%
12995_GEO ,0.037%
12996_GEO ,15.439%
12997_GEO ,6.256%
12998_GEO ,1.573%
13000_GEO ,5.148%
13001_GEO ,10.223%
13002_GEO ,24.226%
13004_GEO ,16.129%
13005_GEO ,1.940%
13006_GEO ,2.485%
13007_GEO ,30.392%
13008_GEO ,11.473%
13011_GEO ,0.172%
13012_GEO ,5.055%
13013_GEO ,86.612%
13014_GEO ,8.507%
13015_GEO ,5.215%
13016_GEO ,1.181%
13017_GEO ,0.174%
13018_GEO ,30.853%
13020_GEO ,21.932%
13022_GEO ,4.341%
13023_GEO ,4.240%
13025_GEO ,8.148%
13026_GEO ,7.570%
13027_GEO ,9.165%
13033_GEO ,2.755%
13034_GEO ,2.199%
13037_GEO ,6.192%
13038_GEO ,7.826%
13039_GEO ,3.703%
13040_GEO ,7.650%
13041_GEO ,14.787%
13042_GEO ,1.236%
13043_GEO ,40.047%
13044_GEO ,1.312%
13045_GEO ,7.090%
13046_GEO ,2.422%
13047_GEO ,7.374%
13048_GEO ,4.062%
13049_GEO ,21.712%
13050_GEO ,5.656%
13051_GEO ,3.201%
13052_GEO ,4.546%
13053_GEO ,27.049%
13055_GEO ,10.217%
13056_GEO ,0.214%
13059_GEO ,12.195%
13061_GEO ,7.066%
13062_GEO ,9.304%
13063_GEO ,21.625%
13064_GEO ,1.380%
13065_GEO ,19.884%
13066_GEO ,8.385%
13068_GEO ,7.529%
13069_GEO ,86.634%
13071_GEO ,2.095%
13072_GEO ,8.777%
13074_GEO ,nan%
13075_GEO ,2.919%
13077_GEO ,9.512%
13078_GEO ,5.140%
13079_GEO ,13.578%
13080_GEO ,4.950%
13082_GEO ,6.339%
13085_GEO ,10.395%
13086_GEO ,0.476%
13088_GEO ,5.990%
13089_GEO ,1.428%
13091_GEO ,10.403%
13092_GEO ,7.796%
13094_GEO ,7.048%
13097_GEO ,7.572%
13098_GEO ,8.510%
13100_GEO ,2.256%
13101_GEO ,36.559%
13102_GEO ,3.877%
13103_GEO ,8.464%
13106_GEO ,5.884%
13107_GEO ,5.740%
13109_GEO ,4.284%
13110_GEO ,9.305%
13111_GEO ,3.690%
13112_GEO ,20.346%
13113_GEO ,4.119%
13114_GEO ,15.584%
13115_GEO ,nan%
13118_GEO ,3.401%
13119_GEO ,4.286%
13121_GEO ,6.863%
13123_GEO ,10.810%
13124_GEO ,15.105%
13125_GEO ,19.169%
13126_GEO ,8.472%
13127_GEO ,28.192%
13128_GEO ,2.567%
13129_GEO ,40.676%
13131_GEO ,10.874%
13132_GEO ,2.606%
13135_GEO ,34.652%
13136_GEO ,8.063%
13137_GEO ,15.384%
13138_GEO ,0.699%
13140_GEO ,11.299%
13141_GEO ,1.687%
13142_GEO ,3.810%
13144_GEO ,3.008%
13149_GEO ,2.119%
13150_GEO ,9.495%
13151_GEO ,53.920%
13154_GEO ,18.892%
13155_GEO ,6.348%
13156_GEO ,12.841%
13157_GEO ,7.471%
13158_GEO ,7.309%
13159_GEO ,0.938%
13160_GEO ,6.505%
13162_GEO ,5.684%
13163_GEO ,5.418%
13164_GEO ,5.888%
13165_GEO ,nan%
13167_GEO ,2.390%
13168_GEO ,25.044%
13169_GEO ,8.015%
13171_GEO ,27.968%
13172_GEO ,0.816%
13174_GEO ,0.952%
13175_GEO ,26.489%
13177_GEO ,1.215%
13178_GEO ,11.980%
13179_GEO ,7.445%
13180_GEO ,5.733%
13181_GEO ,4.150%
13182_GEO ,7.481%
13185_GEO ,5.530%
13188_GEO ,2.427%
13189_GEO ,6.747%
13190_GEO ,62.853%
13191_GEO ,10.050%
13193_GEO ,8.679%
13194_GEO ,7.856%
13196_GEO ,16.514%
13198_GEO ,7.042%
13199_GEO ,13.630%
13201_GEO ,21.452%
13202_GEO ,5.024%
13203_GEO ,6.223%
13206_GEO ,7.353%
13210_GEO ,1.455%
13211_GEO ,7.516%
13212_GEO ,41.268%
13215_GEO ,6.315%
13216_GEO ,44.504%
13217_GEO ,7.165%
13218_GEO ,0.745%
13220_GEO ,9.434%
13221_GEO ,0.231%
13222_GEO ,14.870%
13223_GEO ,3.653%
13224_GEO ,6.888%
13225_GEO ,3.518%
13226_GEO ,7.621%
13228_GEO ,5.394%
13229_GEO ,0.408%
13230_GEO ,4.346%
13231_GEO ,14.417%
13232_GEO ,45.190%
13234_GEO ,55.891%
13235_GEO ,27.621%
13236_GEO ,36.940%
13237_GEO ,15.810%
13238_GEO ,10.218%
13239_GEO ,18.685%
13241_GEO ,3.624%
13242_GEO ,15.183%
13244_GEO ,71.183%
13245_GEO ,5.267%
13246_GEO ,8.987%
13249_GEO ,7.178%
13250_GEO ,28.234%
13253_GEO ,9.267%
13254_GEO ,33.377%
13255_GEO ,11.557%
13256_GEO ,77.580%
13257_GEO ,11.506%
13258_GEO ,26.434%
13260_GEO ,0.666%
13261_GEO ,7.936%
13264_GEO ,5.808%
13266_GEO ,9.571%
13267_GEO ,14.703%
13268_GEO ,0.095%
13269_GEO ,5.913%
13272_GEO ,2.269%
13273_GEO ,34.595%
13274_GEO ,5.116%
13275_GEO ,14.496%
13276_GEO ,38.081%
13278_GEO ,28.463%
13279_GEO ,10.593%
13280_GEO ,15.402%
13283_GEO ,12.686%
13284_GEO ,4.302%
13285_GEO ,33.414%
13286_GEO ,10.739%
13287_GEO ,4.561%
13288_GEO ,44.074%
13289_GEO ,18.518%
13290_GEO ,9.292%
13292_GEO ,9.170%
13294_GEO ,3.018%
13295_GEO ,5.166%
13296_GEO ,17.054%
13298_GEO ,41.998%
13299_GEO ,13.029%
13301_GEO ,6.202%
13302_GEO ,11.472%
13303_GEO ,1.909%
13304_GEO ,10.231%
13305_GEO ,4.075%
13308_GEO ,4.739%
13309_GEO ,6.616%
13311_GEO ,7.928%
13315_GEO ,17.565%
13316_GEO ,6.420%
13317_GEO ,6.718%
13318_GEO ,18.360%
13319_GEO ,7.109%
13320_GEO ,15.395%
13322_GEO ,25.215%
13324_GEO ,12.916%
13325_GEO ,5.976%
13326_GEO ,0.000%
13327_GEO ,11.312%
13329_GEO ,9.418%
13331_GEO ,5.898%
13333_GEO ,2.862%
13336_GEO ,6.562%
13337_GEO ,7.185%
13339_GEO ,8.100%
13340_GEO ,9.637%
13341_GEO ,6.758%
13342_GEO ,1.156%
13343_GEO ,9.365%
13344_GEO ,3.916%
13345_GEO ,nan%
13346_GEO ,3.960%
13347_GEO ,36.454%
13349_GEO ,10.129%
13350_GEO ,4.290%
13352_GEO ,4.175%
13353_GEO ,0.380%
13354_GEO ,8.575%
13355_GEO ,14.466%
13356_GEO ,4.197%
13357_GEO ,21.212%
13359_GEO ,48.153%
13360_GEO ,5.899%
13361_GEO ,7.918%
13362_GEO ,10.878%
13363_GEO ,4.479%
13364_GEO ,6.855%
13365_GEO ,1.862%
13366_GEO ,18.455%
13368_GEO ,19.803%
13372_GEO ,89.341%
13373_GEO ,2.881%
13374_GEO ,9.172%
13375_GEO ,8.338%
13376_GEO ,22.058%
13379_GEO ,9.541%
13380_GEO ,5.522%
13381_GEO ,5.637%
13382_GEO ,1.447%
13383_GEO ,6.819%
13384_GEO ,11.036%
13386_GEO ,5.169%
13387_GEO ,2.126%
13388_GEO ,14.105%
13390_GEO ,4.741%
13392_GEO ,9.698%
13393_GEO ,26.880%
13394_GEO ,20.857%
13395_GEO ,5.139%
13397_GEO ,6.180%
13400_GEO ,4.009%
13403_GEO ,10.974%
13405_GEO ,3.530%
13406_GEO ,36.866%
13407_GEO ,4.531%
13408_GEO ,3.972%
13410_GEO ,4.040%
13411_GEO ,12.571%
13412_GEO ,18.946%
13415_GEO ,16.988%
13416_GEO ,0.747%
13417_GEO ,18.123%
13418_GEO ,14.774%
13419_GEO ,1.385%
13420_GEO ,6.795%
13421_GEO ,2.977%
13422_GEO ,15.359%
13423_GEO ,18.758%
13426_GEO ,8.848%
13427_GEO ,1.783%
13428_GEO ,6.955%
13429_GEO ,0.306%
13430_GEO ,6.318%
13431_GEO ,29.826%
13432_GEO ,7.002%
13436_GEO ,4.341%
13437_GEO ,15.490%
13440_GEO ,3.959%
13443_GEO ,7.221%
13444_GEO ,2.512%
13447_GEO ,6.947%
13450_GEO ,8.106%
13452_GEO ,6.722%
13455_GEO ,7.114%
13456_GEO ,1.829%
13457_GEO ,12.972%
13461_GEO ,2.292%
13462_GEO ,7.795%
13464_GEO ,6.853%
13465_GEO ,47.683%
13466_GEO ,12.380%
13469_GEO ,9.210%
13471_GEO ,5.995%
13472_GEO ,6.311%
13473_GEO ,30.068%
13475_GEO ,75.620%
13476_GEO ,5.504%
13477_GEO ,12.095%
13478_GEO ,7.054%
13481_GEO ,1.768%
13482_GEO ,3.933%
13483_GEO ,13.154%
13487_GEO ,6.607%
13488_GEO ,14.740%
13489_GEO ,35.514%
13491_GEO ,9.987%
13492_GEO ,7.385%
13494_GEO ,9.917%
13496_GEO ,5.849%
13497_GEO ,5.764%
13498_GEO ,9.855%
13499_GEO ,2.306%
13500_GEO ,14.791%
13503_GEO ,10.865%
13504_GEO ,5.711%
13505_GEO ,9.174%
13507_GEO ,20.658%
13511_GEO ,13.747%
13513_GEO ,15.577%
13515_GEO ,10.721%
13516_GEO ,2.692%
13517_GEO ,18.032%
13521_GEO ,5.624%
13522_GEO ,9.391%
13524_GEO ,1.092%
13526_GEO ,22.121%
13529_GEO ,1.364%
13531_GEO ,1.854%
13533_GEO ,2.519%
13534_GEO ,2.239%
13535_GEO ,5.497%
13537_GEO ,33.893%
13538_GEO ,1.596%
13539_GEO ,6.507%
13540_GEO ,6.308%
13543_GEO ,11.641%
13544_GEO ,25.042%
13545_GEO ,13.260%
13546_GEO ,11.798%
13547_GEO ,1.928%
13548_GEO ,10.600%
13549_GEO ,2.376%
13550_GEO ,0.590%
13551_GEO ,3.415%
13552_GEO ,1.128%
13553_GEO ,7.710%
13554_GEO ,30.643%
13555_GEO ,3.688%
13556_GEO ,8.605%
13557_GEO ,14.839%
13558_GEO ,17.207%
13559_GEO ,14.705%
13560_GEO ,25.557%
13562_GEO ,12.728%
13563_GEO ,17.060%
13564_GEO ,20.875%
13565_GEO ,9.135%
13566_GEO ,20.061%
13567_GEO ,28.719%
13569_GEO ,15.397%
13572_GEO ,26.371%
13573_GEO ,10.282%
13575_GEO ,6.197%
13576_GEO ,13.715%
13578_GEO ,1.536%
13579_GEO ,10.178%
13580_GEO ,4.118%
13581_GEO ,2.872%
13582_GEO ,2.403%
13583_GEO ,3.663%
13584_GEO ,11.802%
13585_GEO ,1.471%
13586_GEO ,2.497%
13587_GEO ,7.817%
13588_GEO ,21.284%
13589_GEO ,1.145%
13590_GEO ,6.876%
13592_GEO ,7.378%
13593_GEO ,4.439%
13594_GEO ,30.958%
13595_GEO ,11.508%
13596_GEO ,2.905%
13597_GEO ,0.886%
13598_GEO ,3.795%
13599_GEO ,5.394%
13600_GEO ,0.651%
13601_GEO ,1.065%
13602_GEO ,20.710%
13603_GEO ,3.222%
13605_GEO ,1.623%
13607_GEO ,9.836%
13609_GEO ,85.348%
13610_GEO ,4.923%
13612_GEO ,2.608%
13613_GEO ,22.172%
13614_GEO ,7.170%
13615_GEO ,2.552%
13617_GEO ,19.222%
13618_GEO ,6.047%
13619_GEO ,7.510%
13620_GEO ,37.184%
13621_GEO ,15.888%
13622_GEO ,13.535%
13623_GEO ,11.324%
13624_GEO ,18.480%
13626_GEO ,13.253%
13627_GEO ,22.460%
13628_GEO ,5.429%
13629_GEO ,9.144%
13630_GEO ,7.563%
13631_GEO ,20.647%
13633_GEO ,7.142%
13634_GEO ,3.719%
13635_GEO ,11.925%
13636_GEO ,0.663%
13637_GEO ,8.416%
13639_GEO ,7.225%
13640_GEO ,4.318%
13641_GEO ,0.145%
13642_GEO ,3.747%
13643_GEO ,50.170%
13644_GEO ,4.040%
13645_GEO ,13.340%
13648_GEO ,10.255%
13649_GEO ,3.755%
13651_GEO ,19.649%
13652_GEO ,19.368%
13653_GEO ,25.800%
13654_GEO ,1.114%
13655_GEO ,4.968%
13656_GEO ,5.853%
13657_GEO ,12.991%
13658_GEO ,10.670%
13659_GEO ,5.084%
13661_GEO ,7.926%
13662_GEO ,11.625%
13663_GEO ,39.200%
13664_GEO ,8.089%
13665_GEO ,8.477%
13666_GEO ,18.311%
13667_GEO ,0.608%
13668_GEO ,9.010%
13670_GEO ,1.591%
13671_GEO ,6.906%
13672_GEO ,6.552%
13674_GEO ,0.453%
13678_GEO ,3.152%
13679_GEO ,5.402%
13680_GEO ,12.689%
13682_GEO ,4.423%
13683_GEO ,4.120%
13684_GEO ,2.972%
13686_GEO ,8.241%
13687_GEO ,12.791%
13688_GEO ,1.185%
13689_GEO ,6.703%
13690_GEO ,12.490%
13691_GEO ,1.112%
13692_GEO ,3.886%
13693_GEO ,4.192%
13694_GEO ,7.645%
13695_GEO ,8.784%
13696_GEO ,1.783%
13698_GEO ,26.507%
13700_GEO ,5.130%
13701_GEO ,6.972%
13702_GEO ,3.982%
13703_GEO ,22.924%
13704_GEO ,2.013%
13705_GEO ,43.082%
13706_GEO ,14.972%
13707_GEO ,49.625%
13708_GEO ,7.908%
13709_GEO ,0.282%
13710_GEO ,1.383%
13711_GEO ,8.001%
13712_GEO ,21.736%
13713_GEO ,1.809%
13714_GEO ,5.786%
13715_GEO ,20.031%
13716_GEO ,4.103%
13717_GEO ,8.198%
13719_GEO ,7.514%
13720_GEO ,2.226%
13721_GEO ,7.957%
13722_GEO ,10.297%
13724_GEO ,4.035%
13725_GEO ,1.643%
13726_GEO ,36.152%
13728_GEO ,0.851%
13729_GEO ,1.966%
13730_GEO ,18.142%
13731_GEO ,7.122%
13733_GEO ,17.254%
13734_GEO ,34.055%
13735_GEO ,18.617%
13736_GEO ,4.462%
13738_GEO ,21.702%
13739_GEO ,0.102%
13740_GEO ,9.488%
13742_GEO ,13.159%
13743_GEO ,0.216%
13744_GEO ,2.681%
13745_GEO ,36.873%
13746_GEO ,2.936%
13747_GEO ,4.465%
13748_GEO ,15.650%
13749_GEO ,30.662%
13750_GEO ,3.370%
13751_GEO ,14.734%
13752_GEO ,14.398%
13753_GEO ,7.907%
13754_GEO ,7.356%
13756_GEO ,11.402%
13757_GEO ,12.091%
13758_GEO ,3.780%
13759_GEO ,6.332%
13760_GEO ,6.138%
13761_GEO ,2.135%
13762_GEO ,33.185%
13764_GEO ,9.918%
13765_GEO ,7.958%
13766_GEO ,11.937%
13767_GEO ,12.454%
13768_GEO ,26.022%
13769_GEO ,6.881%
13770_GEO ,2.128%
13772_GEO ,34.411%
13773_GEO ,3.061%
13774_GEO ,9.271%
13775_GEO ,20.249%
13776_GEO ,13.730%
13778_GEO ,6.744%
13783_GEO ,0.235%
13787_GEO ,15.648%
13788_GEO ,4.192%
13791_GEO ,39.679%
13792_GEO ,3.028%
13795_GEO ,9.965%
13797_GEO ,7.868%
13798_GEO ,20.695%
13800_GEO ,11.111%
13802_GEO ,2.516%
13803_GEO ,21.935%
13804_GEO ,9.149%
13805_GEO ,13.483%
13806_GEO ,26.650%
13807_GEO ,14.633%
13809_GEO ,9.381%
13810_GEO ,30.388%
13811_GEO ,65.004%
13814_GEO ,4.893%
13815_GEO ,3.506%
13816_GEO ,29.484%
13817_GEO ,8.804%
13818_GEO ,2.331%
13819_GEO ,5.420%
13820_GEO ,2.832%
13821_GEO ,2.234%
13822_GEO ,13.197%
13823_GEO ,7.787%
13824_GEO ,6.095%
13825_GEO ,27.644%
13826_GEO ,20.529%
13827_GEO ,3.090%
13828_GEO ,16.079%
13829_GEO ,10.519%
13830_GEO ,5.915%
13831_GEO ,10.304%
13832_GEO ,18.025%
13833_GEO ,18.868%
13835_GEO ,4.094%
13836_GEO ,14.067%
13837_GEO ,8.917%
13838_GEO ,22.352%
13839_GEO ,3.601%
13841_GEO ,2.812%
13842_GEO ,5.043%
13844_GEO ,3.139%
13846_GEO ,23.432%
13850_GEO ,11.858%
13852_GEO ,1.372%
13853_GEO ,3.830%
13854_GEO ,7.304%
13855_GEO ,16.199%
13856_GEO ,2.105%
13857_GEO ,5.050%
13858_GEO ,8.381%
13859_GEO ,58.609%
13861_GEO ,22.853%
13862_GEO ,75.410%
13864_GEO ,19.634%
13865_GEO ,6.821%
13866_GEO ,80.960%
13867_GEO ,0.272%
13868_GEO ,12.764%
13869_GEO ,10.211%
13870_GEO ,2.808%
13871_GEO ,2.363%
13872_GEO ,11.666%
13873_GEO ,22.185%
13874_GEO ,11.168%
13875_GEO ,6.424%
13876_GEO ,15.248%
13877_GEO ,33.309%
13879_GEO ,16.501%
13880_GEO ,4.640%
13881_GEO ,1.809%
13882_GEO ,6.305%
13883_GEO ,2.841%
13884_GEO ,19.092%
13885_GEO ,15.404%
13886_GEO ,28.260%
13887_GEO ,7.392%
13889_GEO ,6.617%
13890_GEO ,6.261%
13892_GEO ,4.402%
13893_GEO ,36.849%
13894_GEO ,6.514%
13895_GEO ,14.018%
13896_GEO ,10.359%
13897_GEO ,5.231%
13898_GEO ,7.904%
13899_GEO ,16.865%
13901_GEO ,5.594%
13902_GEO ,5.447%
13904_GEO ,4.457%
13905_GEO ,18.742%
13906_GEO ,23.267%
13907_GEO ,7.859%
13908_GEO ,24.989%
13909_GEO ,8.685%
13911_GEO ,5.976%
13912_GEO ,2.295%
13916_GEO ,2.873%
13917_GEO ,3.469%
13918_GEO ,7.281%
13919_GEO ,47.082%
13920_GEO ,12.440%
13921_GEO ,25.608%
13923_GEO ,5.771%
13924_GEO ,1.646%
13925_GEO ,11.567%
13926_GEO ,16.618%
13928_GEO ,5.836%
13929_GEO ,3.662%
13930_GEO ,8.968%
13931_GEO ,22.491%
13932_GEO ,2.497%
13933_GEO ,6.252%
13934_GEO ,0.449%
13936_GEO ,3.866%
13937_GEO ,3.931%
13938_GEO ,7.311%
13940_GEO ,9.349%
13942_GEO ,7.749%
13944_GEO ,6.633%
13945_GEO ,3.178%
13948_GEO ,13.229%
13949_GEO ,0.282%
13950_GEO ,3.039%
13951_GEO ,10.766%
13952_GEO ,24.835%
13953_GEO ,43.123%
13954_GEO ,16.435%
13955_GEO ,29.754%
13956_GEO ,9.562%
13957_GEO ,26.144%
13958_GEO ,17.441%
13959_GEO ,3.821%
13961_GEO ,37.233%
13962_GEO ,7.543%
13963_GEO ,19.272%
13964_GEO ,2.452%
13965_GEO ,10.963%
13966_GEO ,4.487%
13967_GEO ,10.644%
13968_GEO ,0.797%
13970_GEO ,2.145%
13971_GEO ,25.172%
13972_GEO ,2.219%
13973_GEO ,8.557%
13974_GEO ,1.514%
13975_GEO ,8.645%
13976_GEO ,33.198%
13977_GEO ,2.414%
13978_GEO ,2.834%
13979_GEO ,14.682%
13980_GEO ,nan%
13981_GEO ,6.328%
13982_GEO ,3.945%
13984_GEO ,23.304%
13985_GEO ,2.188%
13986_GEO ,0.292%
13988_GEO ,12.321%
13989_GEO ,2.595%
13990_GEO ,8.492%
13992_GEO ,10.909%
13993_GEO ,8.374%
13999_GEO ,10.344%
14003_GEO ,81.409%
14008_GEO ,29.851%
14014_GEO ,1.143%
14015_GEO ,21.036%
14016_GEO ,53.700%
14019_GEO ,46.608%
14021_GEO ,8.457%
14022_GEO ,17.225%
14030_GEO ,6.572%
14031_GEO ,9.337%
14032_GEO ,8.849%
14033_GEO ,2.584%
14034_GEO ,5.012%
14035_GEO ,6.126%
14037_GEO ,7.681%
14038_GEO ,16.517%
14039_GEO ,3.479%
14040_GEO ,4.636%
14042_GEO ,8.352%
14044_GEO ,2.733%
14046_GEO ,2.748%
14047_GEO ,10.143%
14048_GEO ,1.036%
14049_GEO ,7.381%
14050_GEO ,7.725%
14051_GEO ,1.678%
14052_GEO ,0.486%
14053_GEO ,6.454%
14055_GEO ,1.016%
14056_GEO ,16.053%
14057_GEO ,51.607%
14058_GEO ,24.758%
14059_GEO ,2.323%
14060_GEO ,6.755%
14061_GEO ,55.399%
14063_GEO ,1.337%
14064_GEO ,15.938%
14066_GEO ,39.145%
14069_GEO ,6.826%
14070_GEO ,5.024%
14071_GEO ,3.098%
14074_GEO ,1.571%
14075_GEO ,4.938%
14076_GEO ,3.173%
14077_GEO ,1.655%
14078_GEO ,6.134%
14079_GEO ,3.916%
14080_GEO ,32.220%
14081_GEO ,28.035%
14082_GEO ,19.805%
14083_GEO ,3.106%
14084_GEO ,6.711%
14085_GEO ,3.352%
14086_GEO ,13.240%
14087_GEO ,21.543%
14088_GEO ,9.191%
14089_GEO ,9.453%
14090_GEO ,1.125%
14091_GEO ,5.634%
14092_GEO ,3.593%
14093_GEO ,34.476%
14094_GEO ,11.590%
14095_GEO ,2.643%
14096_GEO ,14.564%
14097_GEO ,9.021%
14098_GEO ,17.298%
14099_GEO ,15.362%
14101_GEO ,8.764%
14104_GEO ,9.308%
14106_GEO ,2.837%
14111_GEO ,29.853%
14112_GEO ,34.301%
14113_GEO ,2.634%
14114_GEO ,7.675%
14115_GEO ,11.597%
14116_GEO ,1.711%
14117_GEO ,9.403%
14118_GEO ,17.734%
14119_GEO ,16.167%
14124_GEO ,17.096%
14132_GEO ,6.458%
14135_GEO ,29.684%
14139_GEO ,63.532%
14143_GEO ,27.297%
14144_GEO ,9.623%
14150_GEO ,1.131%
14156_GEO ,21.497%
14158_GEO ,44.406%
14163_GEO ,78.946%
14171_GEO ,8.640%
14172_GEO ,17.519%
14174_GEO ,6.235%
14177_GEO ,9.168%
14178_GEO ,1.050%
14180_GEO ,0.204%
14185_GEO ,27.248%
14192_GEO ,22.851%
14194_GEO ,30.681%
14197_GEO ,1.084%
14199_GEO ,4.396%
14203_GEO ,0.996%
14213_GEO ,5.572%
14221_GEO ,4.286%
14223_GEO ,1.845%
14224_GEO ,77.079%
14225_GEO ,44.851%
14226_GEO ,4.238%
14227_GEO ,46.155%
14229_GEO ,42.480%
14233_GEO ,11.789%
14238_GEO ,6.932%
14241_GEO ,5.883%
14242_GEO ,3.535%
14243_GEO ,12.630%
14244_GEO ,0.623%
14245_GEO ,1.086%
14249_GEO ,8.674%
14250_GEO ,32.460%
14252_GEO ,16.098%
14254_GEO ,21.012%
14257_GEO ,4.877%
14258_GEO ,8.113%
14262_GEO ,5.176%
14263_GEO ,20.550%
14264_GEO ,8.200%
14266_GEO ,20.312%
14267_GEO ,7.733%
14269_GEO ,14.705%
14271_GEO ,72.449%
14272_GEO ,nan%
14273_GEO ,9.570%
14275_GEO ,10.802%
14277_GEO ,25.890%
14279_GEO ,21.125%
14280_GEO ,6.953%
14282_GEO ,14.541%
14283_GEO ,17.243%
14285_GEO ,6.977%
14286_GEO ,13.680%
14287_GEO ,7.095%
14288_GEO ,44.326%
14290_GEO ,11.749%
14291_GEO ,6.176%
14292_GEO ,103.557%
14294_GEO ,21.816%
14295_GEO ,11.256%
14296_GEO ,8.098%
14297_GEO ,4.992%
14298_GEO ,3.507%
14300_GEO ,9.181%
14301_GEO ,36.365%
14303_GEO ,10.907%
14304_GEO ,18.549%
14305_GEO ,7.497%
14306_GEO ,0.086%
14307_GEO ,21.485%
14309_GEO ,17.707%
14311_GEO ,0.612%
14313_GEO ,7.981%
14315_GEO ,10.663%
14318_GEO ,7.597%
14320_GEO ,5.194%
14324_GEO ,6.884%
14325_GEO ,6.872%
14327_GEO ,6.176%
14328_GEO ,4.632%
14329_GEO ,6.978%
14331_GEO ,5.764%
14332_GEO ,8.654%
14333_GEO ,10.489%
14335_GEO ,15.633%
14523_GEO ,9.977%
14668_GEO ,12.208%
14675_GEO ,6.448%
14677_GEO ,7.195%
14678_GEO ,6.882%
14681_GEO ,6.475%
14682_GEO ,7.264%
14685_GEO ,58.832%
14687_GEO ,nan%
14688_GEO ,14.975%
14689_GEO ,17.138%
14691_GEO ,5.645%
14695_GEO ,0.057%
14696_GEO ,0.427%
14697_GEO ,6.351%
14699_GEO ,86.751%
14700_GEO ,23.863%
14701_GEO ,7.156%
14702_GEO ,39.184%
14705_GEO ,24.851%
14706_GEO ,22.202%
14708_GEO ,4.257%
14709_GEO ,9.843%
14712_GEO ,8.194%
14714_GEO ,18.690%
14717_GEO ,87.123%
14718_GEO ,6.165%
14720_GEO ,27.044%
14721_GEO ,5.377%
14722_GEO ,14.299%
14725_GEO ,3.378%
14727_GEO ,3.061%
14728_GEO ,5.306%
14730_GEO ,7.968%
14735_GEO ,65.777%
14747_GEO ,0.087%
14748_GEO ,17.739%
14758_GEO ,69.761%
14760_GEO ,2.028%
14763_GEO ,35.138%
14770_GEO ,6.180%
14772_GEO ,11.281%
14775_GEO ,60.668%
14778_GEO ,11.855%
14785_GEO ,8.361%
14786_GEO ,0.200%
14787_GEO ,0.753%
14819_GEO ,35.438%
14824_GEO ,0.352%
14825_GEO ,6.317%
14826_GEO ,68.435%
14827_GEO ,11.363%
14829_GEO ,6.101%
14830_GEO ,7.605%
14831_GEO ,12.564%
14833_GEO ,13.404%
14840_GEO ,0.000%
14841_GEO ,14.793%
14863_GEO ,9.298%
14864_GEO ,8.273%
14871_GEO ,8.124%
14874_GEO ,15.566%
14875_GEO ,8.108%
14876_GEO ,8.128%
14877_GEO ,12.497%
14878_GEO ,15.453%
14879_GEO ,26.813%
14880_GEO ,8.419%
14881_GEO ,8.805%
14883_GEO ,6.692%
14885_GEO ,9.558%
14886_GEO ,8.090%
14888_GEO ,12.443%
14889_GEO ,5.366%
14902_GEO ,2.493%
14903_GEO ,6.801%
14904_GEO ,21.611%
14906_GEO ,2.749%
14909_GEO ,12.784%
14915_GEO ,3.873%
14916_GEO ,21.001%
14918_GEO ,5.679%
14919_GEO ,0.658%
14920_GEO ,8.888%
14921_GEO ,12.375%
14922_GEO ,8.322%
14924_GEO ,77.451%
14925_GEO ,2.714%
14927_GEO ,2.102%
14928_GEO ,21.808%
14930_GEO ,8.566%
14931_GEO ,4.954%
14933_GEO ,5.160%
14934_GEO ,17.103%
14935_GEO ,2.295%
14936_GEO ,1.990%
14937_GEO ,24.852%
14938_GEO ,8.230%
14939_GEO ,2.347%
14940_GEO ,4.825%
14941_GEO ,3.468%
14942_GEO ,8.692%
14945_GEO ,24.409%
14946_GEO ,19.088%
14947_GEO ,4.361%
14948_GEO ,10.646%
14949_GEO ,12.989%
14950_GEO ,10.591%
14952_GEO ,2.578%
14953_GEO ,23.980%
14954_GEO ,2.682%
14955_GEO ,26.101%
14956_GEO ,5.393%
14957_GEO ,17.262%
14958_GEO ,7.027%
14959_GEO ,11.171%
14960_GEO ,21.447%
14961_GEO ,4.524%
14963_GEO ,8.538%
14964_GEO ,16.377%
14965_GEO ,17.059%
14966_GEO ,40.599%
14967_GEO ,7.487%
14968_GEO ,2.802%
14969_GEO ,17.396%
14970_GEO ,7.675%
14971_GEO ,11.239%
14972_GEO ,2.183%
14973_GEO ,16.817%
14974_GEO ,15.628%
14975_GEO ,14.515%
14976_GEO ,21.066%
14977_GEO ,10.577%
14978_GEO ,7.503%
14979_GEO ,5.596%
14980_GEO ,16.404%
14981_GEO ,30.465%
14982_GEO ,6.612%
14983_GEO ,3.123%
14984_GEO ,5.840%
14985_GEO ,20.709%
14986_GEO ,6.219%
14988_GEO ,4.327%
14989_GEO ,1.816%
14990_GEO ,24.627%
14991_GEO ,12.059%
14992_GEO ,2.423%
14993_GEO ,2.103%
14994_GEO ,3.013%
14995_GEO ,18.763%
14997_GEO ,4.898%
14999_GEO ,10.926%
15000_GEO ,11.476%
15001_GEO ,5.662%
15002_GEO ,5.813%
15003_GEO ,12.472%
15006_GEO ,12.292%
15008_GEO ,39.064%
15009_GEO ,27.092%
15010_GEO ,23.356%
15011_GEO ,5.708%
15013_GEO ,2.863%
15014_GEO ,15.084%
15015_GEO ,24.843%
15016_GEO ,8.474%
15019_GEO ,21.430%
15034_GEO ,6.760%
15038_GEO ,7.759%
15041_GEO ,10.112%
15043_GEO ,2.312%
15059_GEO ,8.852%
15083_GEO ,7.418%
15085_GEO ,9.898%
15088_GEO ,4.800%
15089_GEO ,9.602%
15090_GEO ,2.519%
15096_GEO ,0.000%
15099_GEO ,12.723%
15100_GEO ,4.195%
15101_GEO ,2.750%
15105_GEO ,14.902%
15107_GEO ,17.740%
15109_GEO ,54.420%
15110_GEO ,9.251%
15116_GEO ,7.101%
15117_GEO ,7.313%
15118_GEO ,10.155%
15119_GEO ,3.012%
15121_GEO ,8.157%
15123_GEO ,6.908%
15124_GEO ,9.019%
15125_GEO ,9.213%
15128_GEO ,2.027%
15130_GEO ,9.159%
15131_GEO ,24.945%
15133_GEO ,9.790%
15134_GEO ,6.413%
15135_GEO ,7.237%
15136_GEO ,8.080%
15137_GEO ,12.539%
15139_GEO ,8.946%
15140_GEO ,10.847%
15141_GEO ,4.141%
15143_GEO ,7.011%
15144_GEO ,19.325%
15145_GEO ,1.913%
15146_GEO ,9.299%
15147_GEO ,6.944%
15149_GEO ,13.725%
15150_GEO ,13.277%
15151_GEO ,7.165%
15152_GEO ,8.409%
15153_GEO ,8.911%
15154_GEO ,8.461%
15155_GEO ,1.584%
15156_GEO ,8.988%
15157_GEO ,47.085%
15158_GEO ,0.487%
15160_GEO ,2.737%
15162_GEO ,6.840%
15167_GEO ,15.671%
15168_GEO ,22.569%
15170_GEO ,6.002%
15172_GEO ,11.434%
15173_GEO ,10.061%
15181_GEO ,4.143%
15182_GEO ,11.153%
15192_GEO ,3.843%
15193_GEO ,7.616%
15195_GEO ,6.530%
15196_GEO ,22.130%
15204_GEO ,0.649%
15210_GEO ,8.997%
15211_GEO ,5.628%
15212_GEO ,2.236%
15226_GEO ,10.391%
15228_GEO ,7.948%
15236_GEO ,0.440%
15237_GEO ,14.749%
15239_GEO ,2.745%
15241_GEO ,8.879%
15244_GEO ,11.237%
15245_GEO ,0.440%
15247_GEO ,7.666%
15248_GEO ,5.728%
15249_GEO ,6.208%
15250_GEO ,3.527%
15251_GEO ,9.679%
15252_GEO ,8.436%
15253_GEO ,5.289%
15255_GEO ,16.010%
15256_GEO ,10.291%
15257_GEO ,0.668%
15258_GEO ,9.971%
15259_GEO ,2.093%
15260_GEO ,2.586%
15261_GEO ,8.739%
15262_GEO ,0.558%
15263_GEO ,5.434%
15264_GEO ,9.897%
15265_GEO ,8.630%
15266_GEO ,10.783%
15267_GEO ,1.908%
15268_GEO ,6.388%
15269_GEO ,12.794%
15273_GEO ,7.072%
15274_GEO ,20.584%
15281_GEO ,0.850%
15283_GEO ,16.166%
15284_GEO ,8.861%
15285_GEO ,3.007%
15286_GEO ,8.064%
15287_GEO ,8.705%
15289_GEO ,8.245%
15332_GEO ,1.164%
15339_GEO ,5.871%
15345_GEO ,31.187%
15346_GEO ,19.427%
15366_GEO ,8.109%
15370_GEO ,4.676%
15371_GEO ,16.801%
15379_GEO ,10.789%
15382_GEO ,40.448%
15386_GEO ,15.429%
15388_GEO ,16.679%
15394_GEO ,18.916%
15395_GEO ,63.739%
15401_GEO ,54.370%
15403_GEO ,8.447%
15412_GEO ,8.322%
15413_GEO ,8.581%
15415_GEO ,7.457%
15421_GEO ,1.502%
15422_GEO ,10.072%
15424_GEO ,48.181%
15425_GEO ,8.599%
15444_GEO ,18.505%
15452_GEO ,8.010%
15460_GEO ,17.269%
15462_GEO ,5.988%
15463_GEO ,1.198%
15464_GEO ,4.203%
15466_GEO ,16.466%
15471_GEO ,31.081%
15472_GEO ,8.923%
15480_GEO ,9.044%
15481_GEO ,4.721%
15482_GEO ,3.078%
15483_GEO ,2.354%
15484_GEO ,3.223%
15485_GEO ,17.108%
15486_GEO ,6.036%
15491_GEO ,4.437%
15501_GEO ,55.177%
15548_GEO ,12.628%
15578_GEO ,3.743%
15580_GEO ,6.604%
15602_GEO ,16.375%
15611_GEO ,4.710%
15612_GEO ,9.724%
15617_GEO ,4.330%
15622_GEO ,7.506%
15623_GEO ,81.924%
15650_GEO ,0.585%
15651_GEO ,23.343%
15652_GEO ,141.421%
15653_GEO ,1.348%
15659_GEO ,1.544%
15669_GEO ,5.383%
15673_GEO ,4.265%
15676_GEO ,16.886%
15680_GEO ,16.521%
15696_GEO ,3.799%
15697_GEO ,3.097%
15701_GEO ,15.835%
15702_GEO ,2.959%
15719_GEO ,3.580%
15721_GEO ,21.028%
15722_GEO ,4.025%
15724_GEO ,7.310%
15725_GEO ,0.771%
15726_GEO ,20.371%
15727_GEO ,9.299%
15728_GEO ,3.712%
15729_GEO ,3.883%
15730_GEO ,11.210%
15731_GEO ,10.946%
15732_GEO ,4.954%
15733_GEO ,17.189%
15734_GEO ,0.771%
15736_GEO ,16.764%
15738_GEO ,11.608%
15739_GEO ,12.196%
15740_GEO ,6.576%
15741_GEO ,15.338%
15742_GEO ,17.975%
15743_GEO ,46.172%
15744_GEO ,4.955%
15745_GEO ,7.571%
15746_GEO ,14.306%
15748_GEO ,15.257%
15749_GEO ,4.819%
15750_GEO ,18.847%
15751_GEO ,1.623%
15752_GEO ,4.964%
15755_GEO ,9.292%
15757_GEO ,35.839%
15758_GEO ,24.250%
15759_GEO ,6.134%
15760_GEO ,6.732%
15761_GEO ,14.602%
15762_GEO ,8.561%
15763_GEO ,42.148%
15765_GEO ,6.797%
15767_GEO ,18.018%
15768_GEO ,9.322%
15770_GEO ,7.894%
15771_GEO ,6.327%
15772_GEO ,2.336%
15773_GEO ,9.370%
15774_GEO ,10.084%
15776_GEO ,5.413%
15777_GEO ,20.221%
15779_GEO ,27.359%
15780_GEO ,42.929%
15781_GEO ,17.334%
15783_GEO ,32.048%
15784_GEO ,21.584%
15785_GEO ,11.192%
15786_GEO ,9.012%
15787_GEO ,4.289%
15788_GEO ,19.641%
15789_GEO ,3.419%
15792_GEO ,1.308%
15793_GEO ,24.630%
15799_GEO ,10.193%
15801_GEO ,4.851%
15802_GEO ,12.478%
15803_GEO ,7.470%
15804_GEO ,5.753%
15805_GEO ,11.742%
15806_GEO ,5.663%
15807_GEO ,7.220%
15808_GEO ,6.843%
15809_GEO ,0.677%
15810_GEO ,6.169%
15811_GEO ,25.470%
15812_GEO ,35.052%
15816_GEO ,17.638%
15818_GEO ,12.341%
15820_GEO ,10.134%
15821_GEO ,7.141%
15823_GEO ,10.819%
15825_GEO ,9.881%
15827_GEO ,12.816%
15833_GEO ,13.404%
15834_GEO ,9.697%
15835_GEO ,8.603%
15838_GEO ,6.566%
15839_GEO ,0.793%
15849_GEO ,0.000%
15860_GEO ,8.700%
15864_GEO ,6.343%
15865_GEO ,0.201%
15866_GEO ,37.833%
15867_GEO ,33.737%
15870_GEO ,24.690%
15871_GEO ,10.338%
15876_GEO ,13.075%
15877_GEO ,22.045%
15878_GEO ,7.471%
15879_GEO ,7.593%
15880_GEO ,29.558%
15883_GEO ,5.046%
15885_GEO ,7.771%
15887_GEO ,18.795%
15890_GEO ,7.254%
15892_GEO ,0.154%
15894_GEO ,13.343%
15895_GEO ,21.584%
15906_GEO ,11.473%
15915_GEO ,2.860%
15916_GEO ,2.041%
15917_GEO ,4.153%
15923_GEO ,12.880%
15930_GEO ,18.033%
15931_GEO ,61.997%
15934_GEO ,13.153%
15935_GEO ,0.184%
15953_GEO ,8.864%
15954_GEO ,15.211%
15959_GEO ,10.613%
15967_GEO ,5.757%
15972_GEO ,6.620%
15973_GEO ,11.453%
15974_GEO ,28.816%
15975_GEO ,17.091%
15976_GEO ,7.281%
15977_GEO ,9.392%
15982_GEO ,7.802%
15988_GEO ,14.453%
15992_GEO ,7.059%
15993_GEO ,8.648%
15995_GEO ,9.516%
15997_GEO ,17.138%
15998_GEO ,11.966%
16002_GEO ,1.431%
16003_GEO ,6.298%
16007_GEO ,14.717%
16008_GEO ,12.777%
16010_GEO ,12.646%
16011_GEO ,12.391%
16012_GEO ,22.096%
16013_GEO ,13.321%
16014_GEO ,17.080%
16016_GEO ,24.837%
16021_GEO ,58.617%
16022_GEO ,6.719%
16023_GEO ,7.047%
16024_GEO ,0.044%
16027_GEO ,7.370%
16028_GEO ,5.496%
16030_GEO ,43.519%
16034_GEO ,3.624%
16037_GEO ,6.823%
16038_GEO ,53.031%
16039_GEO ,65.770%
16040_GEO ,7.848%
16041_GEO ,8.857%
16042_GEO ,3.772%
16043_GEO ,4.511%
16054_GEO ,39.434%
16062_GEO ,30.620%
16063_GEO ,9.536%
16079_GEO ,4.661%
16081_GEO ,8.254%
16082_GEO ,nan%
16086_GEO ,11.585%
16094_GEO ,7.794%
16095_GEO ,nan%
16100_GEO ,17.966%
16102_GEO ,8.690%
16103_GEO ,10.615%
16104_GEO ,6.212%
16105_GEO ,3.372%
16106_GEO ,2.998%
16107_GEO ,11.233%
16117_GEO ,6.123%
16118_GEO ,7.947%
16119_GEO ,6.003%
16120_GEO ,12.082%
16121_GEO ,1.379%
16124_GEO ,10.827%
16125_GEO ,11.550%
16126_GEO ,6.179%
16127_GEO ,8.811%
16128_GEO ,5.177%
16129_GEO ,5.238%
16130_GEO ,0.689%
16131_GEO ,27.684%
16133_GEO ,68.131%
16134_GEO ,23.352%
16135_GEO ,28.582%
16136_GEO ,6.131%
16138_GEO ,32.073%
16142_GEO ,11.664%
16143_GEO ,10.886%
16147_GEO ,6.914%
16149_GEO ,6.894%
16150_GEO ,9.476%
16153_GEO ,18.449%
16156_GEO ,0.480%
16157_GEO ,2.020%
16158_GEO ,1.191%
16160_GEO ,8.030%
16161_GEO ,1.673%
16166_GEO ,25.773%
16168_GEO ,18.005%
16169_GEO ,11.978%
16172_GEO ,10.050%
16177_GEO ,13.201%
16179_GEO ,56.647%
16182_GEO ,2.108%
16186_GEO ,6.513%
16189_GEO ,21.228%
16191_GEO ,8.233%
16192_GEO ,20.891%
16193_GEO ,19.206%
16194_GEO ,21.588%
16199_GEO ,5.072%
16205_GEO ,9.360%
16207_GEO ,5.185%
16209_GEO ,19.573%
16210_GEO ,9.312%
16211_GEO ,9.688%
16216_GEO ,10.195%
16231_GEO ,24.321%
16238_GEO ,14.775%
16241_GEO ,4.327%
16248_GEO ,7.068%
16249_GEO ,13.444%
16251_GEO ,2.032%
16253_GEO ,23.900%
16255_GEO ,8.421%
16261_GEO ,8.192%
16263_GEO ,7.647%
16265_GEO ,7.240%
16281_GEO ,14.455%
16297_GEO ,4.787%
16298_GEO ,11.991%
16302_GEO ,5.991%
16303_GEO ,2.286%
16305_GEO ,33.435%
16306_GEO ,4.527%
16307_GEO ,39.170%
16308_GEO ,127.881%
16309_GEO ,33.416%
16310_GEO ,35.221%
16314_GEO ,37.795%
16318_GEO ,1.420%
16319_GEO ,3.856%
16321_GEO ,0.211%
16324_GEO ,18.934%
16327_GEO ,6.388%
16328_GEO ,12.691%
16329_GEO ,5.161%
16330_GEO ,18.384%
16333_GEO ,4.992%
16335_GEO ,34.028%
16336_GEO ,48.940%
16337_GEO ,0.425%
16338_GEO ,3.539%
16339_GEO ,0.316%
16341_GEO ,8.235%
16342_GEO ,6.431%
16344_GEO ,4.289%
16347_GEO ,47.284%
16348_GEO ,65.733%
16354_GEO ,10.981%
16357_GEO ,8.228%
16360_GEO ,2.735%
16361_GEO ,5.171%
16364_GEO ,24.942%
16369_GEO ,27.318%
16370_GEO ,8.007%
16372_GEO ,30.036%
16373_GEO ,12.678%
16374_GEO ,10.520%
16377_GEO ,4.336%
16381_GEO ,13.498%
16382_GEO ,28.262%
16383_GEO ,3.179%
16384_GEO ,10.085%
16387_GEO ,8.126%
16391_GEO ,7.827%
16393_GEO ,44.186%
16394_GEO ,33.814%
16396_GEO ,0.792%
16397_GEO ,19.545%
16399_GEO ,9.891%
16401_GEO ,28.512%
16402_GEO ,4.362%
16403_GEO ,13.359%
16404_GEO ,13.882%
16405_GEO ,12.225%
16406_GEO ,12.290%
16407_GEO ,5.116%
16410_GEO ,4.828%
16411_GEO ,11.393%
16412_GEO ,12.352%
16413_GEO ,15.732%
16414_GEO ,9.228%
16416_GEO ,3.292%
16418_GEO ,4.012%
16424_GEO ,6.089%
16425_GEO ,8.218%
16426_GEO ,21.095%
16428_GEO ,9.687%
16432_GEO ,8.065%
16433_GEO ,9.549%
16435_GEO ,6.311%
16436_GEO ,7.253%
16437_GEO ,35.475%
16440_GEO ,21.300%
16442_GEO ,7.910%
16443_GEO ,3.169%
16444_GEO ,6.654%
16445_GEO ,6.158%
16446_GEO ,9.644%
16447_GEO ,9.339%
16448_GEO ,13.651%
16450_GEO ,42.466%
16452_GEO ,9.532%
16453_GEO ,18.195%
16454_GEO ,39.291%
16455_GEO ,13.894%
16459_GEO ,8.315%
16460_GEO ,20.376%
16473_GEO ,9.138%
16483_GEO ,2.007%
16486_GEO ,1.656%
16503_GEO ,15.893%
16505_GEO ,11.619%
16506_GEO ,38.660%
16508_GEO ,33.228%
16509_GEO ,11.986%
16514_GEO ,10.449%
16543_GEO ,12.497%
16551_GEO ,0.364%
16554_GEO ,16.927%
16555_GEO ,2.667%
16556_GEO ,11.335%
16559_GEO ,3.572%
16560_GEO ,29.281%
16561_GEO ,5.232%
16564_GEO ,7.348%
16567_GEO ,3.878%
16568_GEO ,26.682%
16569_GEO ,4.517%
16576_GEO ,6.659%
16582_GEO ,13.749%
16585_GEO ,12.327%
16586_GEO ,7.354%
16592_GEO ,3.814%
16593_GEO ,19.841%
16612_GEO ,13.027%
16624_GEO ,3.763%
16625_GEO ,44.601%
16627_GEO ,14.794%
16628_GEO ,119.112%
16632_GEO ,7.295%
16634_GEO ,9.270%
16636_GEO ,18.826%
16638_GEO ,6.665%
16650_GEO ,15.089%
16659_GEO ,14.554%
16660_GEO ,12.056%
16670_GEO ,9.877%
16672_GEO ,11.750%
16673_GEO ,22.120%
16676_GEO ,2.225%
16677_GEO ,7.652%
16678_GEO ,19.332%
16688_GEO ,15.660%
16690_GEO ,1.416%
16693_GEO ,9.283%
16694_GEO ,12.562%
16695_GEO ,10.090%
16696_GEO ,53.398%
16698_GEO ,46.792%
16699_GEO ,44.754%
16700_GEO ,55.390%
16701_GEO ,6.301%
16708_GEO ,0.076%
16710_GEO ,1.309%
16711_GEO ,21.681%
16712_GEO ,21.973%
16714_GEO ,0.554%
16715_GEO ,14.000%
16730_GEO ,6.498%
16733_GEO ,9.377%
16734_GEO ,2.438%
16737_GEO ,10.300%
16756_GEO ,6.351%
16759_GEO ,18.933%
16762_GEO ,57.796%
16769_GEO ,12.027%
16771_GEO ,7.824%
16778_GEO ,1.923%
16780_GEO ,2.092%
16784_GEO ,40.095%
16795_GEO ,20.328%
16800_GEO ,5.363%
16803_GEO ,5.455%
16822_GEO ,2.109%
16825_GEO ,8.361%
16846_GEO ,1.073%
16861_GEO ,9.497%
16869_GEO ,8.127%
16871_GEO ,57.081%
16872_GEO ,2.000%
16873_GEO ,46.905%
16874_GEO ,7.227%
16875_GEO ,3.357%
16876_GEO ,0.000%
16879_GEO ,5.257%
16880_GEO ,13.301%
16881_GEO ,9.855%
16882_GEO ,10.770%
16883_GEO ,7.546%
16884_GEO ,13.080%
16885_GEO ,10.765%
16886_GEO ,24.471%
16887_GEO ,56.033%
16888_GEO ,7.626%
16895_GEO ,11.942%
16904_GEO ,12.097%
16907_GEO ,4.474%
16908_GEO ,3.348%
16910_GEO ,nan%
16919_GEO ,26.766%
16922_GEO ,0.319%
16926_GEO ,2.719%
16931_GEO ,24.494%
16932_GEO ,3.802%
16934_GEO ,2.922%
16939_GEO ,9.961%
16947_GEO ,12.325%
16949_GEO ,5.997%
16951_GEO ,5.962%
16963_GEO ,20.345%
17062_GEO ,6.037%
17065_GEO ,85.950%
17077_GEO ,47.273%
17212_GEO ,11.017%
17215_GEO ,4.616%
17233_GEO ,6.766%
17236_GEO ,8.559%
17250_GEO ,10.266%
17264_GEO ,2.413%
17265_GEO ,6.580%
17283_GEO ,nan%
17291_GEO ,15.175%
17295_GEO ,4.721%
17296_GEO ,nan%
17297_GEO ,5.268%
17298_GEO ,0.370%
17299_GEO ,10.902%
17302_GEO ,0.750%
17303_GEO ,0.166%
17304_GEO ,0.312%
17305_GEO ,nan%
17306_GEO ,8.998%
17307_GEO ,18.501%
17308_GEO ,24.557%
17310_GEO ,3.640%
17313_GEO ,10.484%
17317_GEO ,6.471%
17318_GEO ,11.907%
17319_GEO ,16.583%
17321_GEO ,1.373%
17324_GEO ,9.369%
17326_GEO ,6.956%
17327_GEO ,17.946%
17328_GEO ,17.677%
17330_GEO ,15.199%
17332_GEO ,5.599%
17333_GEO ,8.077%
17336_GEO ,32.385%
17337_GEO ,1.377%
17340_GEO ,5.709%
17341_GEO ,17.681%
17342_GEO ,8.915%
17344_GEO ,6.491%
17345_GEO ,7.289%
17346_GEO ,36.718%
17347_GEO ,4.731%
17362_GEO ,5.141%
17364_GEO ,1.699%
17365_GEO ,56.731%
17382_GEO ,6.563%
17393_GEO ,15.247%
17403_GEO ,13.768%
17410_GEO ,7.255%
17411_GEO ,nan%
17412_GEO ,3.391%
17413_GEO ,0.452%
17417_GEO ,63.518%
17426_GEO ,19.398%
17428_GEO ,33.040%
17436_GEO ,12.971%
17442_GEO ,27.992%
17447_GEO ,25.621%
17448_GEO ,8.452%
17458_GEO ,5.110%
17469_GEO ,2.372%
17471_GEO ,0.340%
17472_GEO ,22.899%
17473_GEO ,7.438%
17474_GEO ,22.194%
17475_GEO ,2.496%
17476_GEO ,7.266%
17477_GEO ,10.651%
17480_GEO ,7.812%
17481_GEO ,7.678%
17484_GEO ,13.237%
17485_GEO ,4.677%
17486_GEO ,3.673%
17488_GEO ,18.791%
17489_GEO ,21.477%
17490_GEO ,0.377%
17493_GEO ,5.665%
17498_GEO ,12.859%
17499_GEO ,1.801%
17500_GEO ,4.407%
17502_GEO ,36.713%
17509_GEO ,1.149%
17510_GEO ,21.440%
17514_GEO ,11.467%
17515_GEO ,nan%
17522_GEO ,38.009%
17532_GEO ,21.729%
17534_GEO ,4.052%
17535_GEO ,10.192%
17536_GEO ,3.505%
17538_GEO ,19.187%
17539_GEO ,97.405%
17542_GEO ,14.336%
17544_GEO ,13.258%
17545_GEO ,47.965%
17546_GEO ,0.312%
17548_GEO ,9.071%
17550_GEO ,11.302%
17551_GEO ,11.135%
17552_GEO ,2.981%
17553_GEO ,43.488%
17604_GEO ,nan%
17608_GEO ,13.643%
17609_GEO ,33.108%
17617_GEO ,46.365%
17618_GEO ,nan%
17627_GEO ,11.062%
17628_GEO ,3.421%
17641_GEO ,20.301%
17643_GEO ,1.329%
17644_GEO ,15.547%
17645_GEO ,5.076%
17660_GEO ,15.920%
17670_GEO ,6.679%
17675_GEO ,nan%
17676_GEO ,0.320%
17743_GEO ,13.399%
17829_GEO ,16.399%
17831_GEO ,nan%
17833_GEO ,8.914%
17864_GEO ,77.467%
17868_GEO ,19.715%
17871_GEO ,117.872%
17872_GEO ,1.813%
17873_GEO ,0.056%
17874_GEO ,0.312%
17875_GEO ,55.933%
17876_GEO ,62.139%
17877_GEO ,10.468%
17879_GEO ,8.599%
17885_GEO ,9.268%
17886_GEO ,35.764%
17887_GEO ,3.980%
17888_GEO ,0.790%
17891_GEO ,32.114%
17892_GEO ,nan%
17899_GEO ,18.224%
17909_GEO ,17.881%
17912_GEO ,35.862%
17913_GEO ,11.847%
17915_GEO ,1.441%
17929_GEO ,5.441%
17936_GEO ,8.464%
17938_GEO ,13.385%
17940_GEO ,15.450%
17941_GEO ,6.405%
17986_GEO ,1.316%
17987_GEO ,87.190%
17988_GEO ,5.855%
17992_GEO ,25.406%
17993_GEO ,11.713%
17994_GEO ,12.627%
18005_GEO ,86.460%
18018_GEO ,7.048%
18020_GEO ,3.091%
18085_GEO ,30.002%
18086_GEO ,47.359%
18093_GEO ,67.590%
18118_GEO ,21.306%
18131_GEO ,10.884%
18132_GEO ,6.601%
18173_GEO ,34.273%
18174_GEO ,9.698%
18176_GEO ,3.804%
18182_GEO ,28.497%
18183_GEO ,30.472%
18198_GEO ,15.193%
18199_GEO ,10.775%
18202_GEO ,112.480%
18203_GEO ,8.798%
18205_GEO ,41.944%
18206_GEO ,4.860%
18209_GEO ,4.050%
18213_GEO ,46.149%
18232_GEO ,40.472%
18259_GEO ,22.654%
18290_GEO ,2.320%
18300_GEO ,2.452%
18303_GEO ,nan%
18309_GEO ,35.213%
18313_GEO ,15.105%
18315_GEO ,4.408%
18316_GEO ,27.733%
18346_GEO ,12.776%
18350_GEO ,20.001%
18356_GEO ,6.980%
18403_GEO ,5.967%
18431_GEO ,57.534%
18553_GEO ,10.767%
18554_GEO ,6.534%
18556_GEO ,0.688%
18559_GEO ,nan%
18561_GEO ,24.249%
18565_GEO ,3.665%
18568_GEO ,7.559%
18569_GEO ,4.686%
18570_GEO ,86.144%
18571_GEO ,8.162%
18573_GEO ,2.184%
18574_GEO ,4.974%
18576_GEO ,23.744%
18577_GEO ,14.733%
18592_GEO ,16.253%
18601_GEO ,5.420%
18609_GEO ,0.729%
18610_GEO ,2.263%
18611_GEO ,6.003%
18614_GEO ,8.729%
18615_GEO ,16.500%
18622_GEO ,5.110%
18625_GEO ,13.706%
18626_GEO ,0.960%
18631_GEO ,9.823%
18675_GEO ,10.453%
18694_GEO ,67.631%
18703_GEO ,22.572%
18719_GEO ,6.514%
18723_GEO ,4.784%
18796_GEO ,6.643%
18829_GEO ,6.589%
18831_GEO ,24.491%
18857_GEO ,1.233%
18895_GEO ,10.306%
18942_GEO ,1.030%
18956_GEO ,91.821%
18961_GEO ,nan%
18967_GEO ,nan%
18968_GEO ,7.185%
18969_GEO ,12.430%
18972_GEO ,2.083%
18975_GEO ,3.593%
18978_GEO ,17.407%
18979_GEO ,14.051%
18980_GEO ,3.532%
18982_GEO ,14.123%
18986_GEO ,20.519%
18988_GEO ,2.213%
18992_GEO ,20.433%
19000_GEO ,0.000%
19001_GEO ,27.622%
19003_GEO ,8.570%
19004_GEO ,50.763%
19007_GEO ,21.830%
19011_GEO ,9.902%
19013_GEO ,52.566%
19017_GEO ,5.715%
19063_GEO ,50.534%
19077_GEO ,8.924%
19127_GEO ,96.642%
19181_GEO ,64.033%
19197_GEO ,2.626%
19231_GEO ,7.163%
19233_GEO ,40.268%
19255_GEO ,17.234%
19269_GEO ,141.421%
19357_GEO ,18.072%
19447_GEO ,39.697%
19448_GEO ,83.416%
19477_GEO ,3.478%
19489_GEO ,nan%
19500_GEO ,nan%
19515_GEO ,24.724%
19571_GEO ,nan%
19604_GEO ,nan%
19618_GEO ,62.550%
19680_GEO ,nan%
19767_GEO ,1.310%
19883_GEO ,nan%
